{
  "incumbent_ids": [
    2
  ],
  "rejected_config_ids": [
    1,
    3
  ],
  "incumbents_changed": 2,
  "trajectory": [
    {
      "config_ids": [
        1
      ],
      "costs": [
        0.11964821815490723
      ],
      "trial": 1,
      "walltime": 0.12625980377197266
    },
    {
      "config_ids": [
        2
      ],
      "costs": [
        0.3560936450958252
      ],
      "trial": 4,
      "walltime": 1.6439080238342285
    }
  ],
  "state": {
    "queue": [
      [
        4,
        2
      ]
    ]
  }
}