{
  "stats": {
    "submitted": 10,
    "finished": 10,
    "running": 0
  },
  "data": [
    [
      1,
      "../instances/easy/0.cnf",
      209652396,
      null,
      0.11964821815490723,
      0.11973142623901367,
      1,
      1731260879.9702494,
      1731260880.0927422,
      {}
    ],
    [
      1,
      "../instances/easy/1.cnf",
      209652396,
      null,
      0.7815654277801514,
      0.7816154956817627,
      1,
      1731260880.0998557,
      1731260880.883433,
      {}
    ],
    [
      2,
      "../instances/easy/1.cnf",
      209652396,
      null,
      0.5894436836242676,
      0.5894753932952881,
      1,
      1731260880.888708,
      1731260881.4798753,
      {}
    ],
    [
      2,
      "../instances/easy/0.cnf",
      209652396,
      null,
      0.12274360656738281,
      0.12278294563293457,
      1,
      1731260881.4848583,
      1731260881.6101916,
      {}
    ],
    [
      2,
      "../instances/easy/2.cnf",
      209652396,
      null,
      0.0038945674896240234,
      0.003936290740966797,
      1,
      1731260881.6164956,
      1731260881.6221151,
      {}
    ],
    [
      3,
      "../instances/easy/1.cnf",
      209652396,
      null,
      0.590831995010376,
      0.5908613204956055,
      1,
      1731260882.6925333,
      1731260883.28503,
      {}
    ],
    [
      3,
      "../instances/easy/2.cnf",
      209652396,
      null,
      0.0034334659576416016,
      0.003471851348876953,
      1,
      1731260883.2902322,
      1731260883.2953506,
      {}
    ],
    [
      3,
      "../instances/easy/0.cnf",
      209652396,
      null,
      0.18624305725097656,
      0.18628191947937012,
      1,
      1731260883.3001068,
      1731260883.4882276,
      {}
    ],
    [
      4,
      "../instances/easy/2.cnf",
      209652396,
      null,
      0.0036013126373291016,
      0.0036449432373046875,
      1,
      1731260883.4948401,
      1731260883.500235,
      {}
    ],
    [
      4,
      "../instances/easy/1.cnf",
      209652396,
      null,
      0.5930500030517578,
      0.5930819511413574,
      1,
      1731260883.5064657,
      1731260884.1014106,
      {}
    ]
  ],
  "configs": {
    "1": {
      "probeint": 268,
      "restartint": 6206,
      "target": 0
    },
    "2": {
      "probeint": 534,
      "restartint": 3064,
      "target": 2
    },
    "3": {
      "probeint": 30,
      "restartint": 5235,
      "target": 2
    },
    "4": {
      "probeint": 57,
      "restartint": 5264,
      "target": 2
    }
  },
  "config_origins": {
    "1": "Initial Design: Sobol",
    "2": "Initial Design: Sobol",
    "3": "Acquisition Function Maximizer: Local Search",
    "4": "Acquisition Function Maximizer: Local Search"
  }
}