{
  "incumbent_ids": [
    2
  ],
  "rejected_config_ids": [
    1,
    3,
    4,
    5,
    6,
    7,
    8,
    9,
    10
  ],
  "incumbents_changed": 2,
  "trajectory": [
    {
      "config_ids": [
        1
      ],
      "costs": [
        0.9029254913330078
      ],
      "trial": 1,
      "walltime": 0.9098155498504639
    },
    {
      "config_ids": [
        2
      ],
      "costs": [
        0.7194797992706299
      ],
      "trial": 2,
      "walltime": 1.640160083770752
    }
  ],
  "state": {
    "queue": [
      [
        10,
        1
      ]
    ]
  }
}